# Field Nation Integrations Documentation Outline

## Documentation

### Getting Started
- Choosing your approach — /docs/getting-started/choosing-your-approach
- Introduction — /docs/getting-started/introduction
- Key concepts — /docs/getting-started/key-concepts
- Platform overview — /docs/getting-started/platform-overview
- Prerequisites — /docs/getting-started/prerequisites

### REST API
- Api playground — /docs/rest-api/v2/api-playground
- Authentication — /docs/rest-api/v2/authentication
- Common patterns — /docs/rest-api/v2/common-patterns
- Error handling — /docs/rest-api/v2/error-handling
- Introduction — /docs/rest-api/v2/introduction
- Quickstart — /docs/rest-api/v2/quickstart

### Webhooks
- Api playground — /docs/webhooks/v3/api-playground
- Common issues — /docs/webhooks/v3/troubleshooting/common-issues
- Creating webhooks — /docs/webhooks/v3/guides/creating-webhooks
- Debugging — /docs/webhooks/v3/troubleshooting/debugging
- Delivery — /docs/webhooks/v3/concepts/delivery
- Delivery failures — /docs/webhooks/v3/troubleshooting/delivery-failures
- Delivery logs — /docs/webhooks/v3/api-reference/delivery-logs
- Events — /docs/webhooks/v3/concepts/events
- Events — /docs/webhooks/v3/api-reference/events
- Handling events — /docs/webhooks/v3/guides/handling-events
- History — /docs/webhooks/v3/api-reference/history
- Introduction — /docs/webhooks/v3/introduction
- Migration — /docs/webhooks/v3/migration
- Monitoring — /docs/webhooks/v3/guides/monitoring
- Overview — /docs/webhooks/v3/api-reference/overview
- Payload structure — /docs/webhooks/v3/concepts/payload-structure
- Quickstart — /docs/webhooks/v3/quickstart
- Security — /docs/webhooks/v3/guides/security
- Testing — /docs/webhooks/v3/guides/testing
- Webhook lifecycle — /docs/webhooks/v3/concepts/webhook-lifecycle
- Webhooks — /docs/webhooks/v3/api-reference/webhooks

### Connectors
- Broker architecture — /docs/connectors/concepts/broker-architecture
- Configuration — /docs/connectors/platforms/autotask/configuration
- Configuration — /docs/connectors/platforms/freshdesk/configuration
- Configuration — /docs/connectors/platforms/connectwise/configuration
- Configuration — /docs/connectors/platforms/rest-connector/configuration
- Configuration — /docs/connectors/platforms/quickbase/configuration
- Configuration — /docs/connectors/platforms/salesforce/configuration
- Configuration — /docs/connectors/platforms/netsuite/configuration
- Configuration — /docs/connectors/platforms/servicenow/configuration
- Configuration — /docs/connectors/platforms/smartsheet/configuration
- Custom actions — /docs/connectors/concepts/custom-actions
- Events and sync — /docs/connectors/concepts/events-and-sync
- Field mappings — /docs/connectors/concepts/field-mappings
- Getting started — /docs/connectors/getting-started
- Introduction — /docs/connectors/introduction
- Overview — /docs/connectors/platforms/autotask/overview
- Overview — /docs/connectors/platforms/freshdesk/overview
- Overview — /docs/connectors/platforms/connectwise/overview
- Overview — /docs/connectors/platforms/rest-connector/overview
- Overview — /docs/connectors/platforms/quickbase/overview
- Overview — /docs/connectors/platforms/salesforce/overview
- Overview — /docs/connectors/platforms/netsuite/overview
- Overview — /docs/connectors/platforms/servicenow/overview
- Overview — /docs/connectors/platforms/smartsheet/overview
- Troubleshooting — /docs/connectors/concepts/troubleshooting
- Workflow — /docs/connectors/platforms/autotask/workflow
- Workflow — /docs/connectors/platforms/freshdesk/workflow
- Workflow — /docs/connectors/platforms/connectwise/workflow
- Workflow — /docs/connectors/platforms/rest-connector/workflow
- Workflow — /docs/connectors/platforms/quickbase/workflow
- Workflow — /docs/connectors/platforms/salesforce/workflow
- Workflow — /docs/connectors/platforms/netsuite/workflow
- Workflow — /docs/connectors/platforms/servicenow/workflow
- Workflow — /docs/connectors/platforms/smartsheet/workflow

### Resources
- Environments — /docs/resources/environments
- Error codes — /docs/resources/error-codes
- Faq — /docs/resources/faq
- Glossary — /docs/resources/glossary
- Support — /docs/resources/support

## API References

### REST API
- Alertid delete — /api-references/rest-api/v2/tasks/alertid-delete
- Alerts delete — /api-references/rest-api/v2/tasks/alerts-delete
- Approve post — /api-references/rest-api/v2/workflow/approve-post
- Assignee delete — /api-references/rest-api/v2/assignments/assignee-delete
- Assignee post — /api-references/rest-api/v2/workflow/assignee-post
- Attachmentid delete — /api-references/rest-api/v2/attachments/attachmentid-delete
- Attachmentid put — /api-references/rest-api/v2/attachments/attachmentid-put
- Attachments get — /api-references/rest-api/v2/attachments/attachments-get
- Attachments post — /api-references/rest-api/v2/attachments/attachments-post
- Attributes get — /api-references/rest-api/v2/talent-pools/attributes-get
- Attributes post — /api-references/rest-api/v2/talent-pools/attributes-post
- Attributes put — /api-references/rest-api/v2/talent-pools/attributes-put
- Attributeuuid delete — /api-references/rest-api/v2/talent-pools/attributeuuid-delete
- Attributeuuid put — /api-references/rest-api/v2/talent-pools/attributeuuid-put
- Autodispatch post — /api-references/rest-api/v2/workflow/autodispatch-post
- Bonuses get — /api-references/rest-api/v2/bonuses/bonuses-get
- Bonuses get — /api-references/rest-api/v2/finances/bonuses-get
- Bonusid post — /api-references/rest-api/v2/finances/bonusid-post
- Bundle delete — /api-references/rest-api/v2/bundles/bundle-delete
- Bundle post — /api-references/rest-api/v2/bundles/bundle-post
- Cancel post — /api-references/rest-api/v2/assignments/cancel-post
- Clientid get — /api-references/rest-api/v2/clients/clientid-get
- Clients get — /api-references/rest-api/v2/clients/clients-get
- Clients post — /api-references/rest-api/v2/clients/clients-post
- Complete delete — /api-references/rest-api/v2/workflow/complete-delete
- Contactid delete — /api-references/rest-api/v2/contacts/contactid-delete
- Contactid put — /api-references/rest-api/v2/contacts/contactid-put
- Contacts get — /api-references/rest-api/v2/contacts/contacts-get
- Contacts post — /api-references/rest-api/v2/contacts/contacts-post
- Custom fields get — /api-references/rest-api/v2/custom-fields/custom-fields-get
- Customfieldid get — /api-references/rest-api/v2/custom-fields/customfieldid-get
- Customfieldid put — /api-references/rest-api/v2/custom-fields/customfieldid-put
- Customfields get — /api-references/rest-api/v2/custom-fields/customfields-get
- Delay post — /api-references/rest-api/v2/assignments/delay-post
- Discounts get — /api-references/rest-api/v2/finances/discounts-get
- Draft delete — /api-references/rest-api/v2/workflow/draft-delete
- Eta get — /api-references/rest-api/v2/schedule/eta-get
- Expenseid put — /api-references/rest-api/v2/finances/expenseid-put
- Expenses get — /api-references/rest-api/v2/finances/expenses-get
- Expenses get — /api-references/rest-api/v2/company/expenses-get
- Expenses post — /api-references/rest-api/v2/finances/expenses-post
- Folderid post — /api-references/rest-api/v2/attachments/folderid-post
- Groupuuid delete — /api-references/rest-api/v2/talent-pool-groups/groupuuid-delete
- Groupuuid get — /api-references/rest-api/v2/talent-pool-groups/groupuuid-get
- Groupuuid put — /api-references/rest-api/v2/talent-pool-groups/groupuuid-put
- Incident delete — /api-references/rest-api/v2/revisits/incident-delete
- Incident put — /api-references/rest-api/v2/revisits/incident-put
- Incomplete reasons get — /api-references/rest-api/v2/company/incomplete-reasons-get
- Increaseid get — /api-references/rest-api/v2/finances/increaseid-get
- Increaseid put — /api-references/rest-api/v2/finances/increaseid-put
- Increases get — /api-references/rest-api/v2/finances/increases-get
- Index — /api-references/rest-api/v2
- Job status put — /api-references/rest-api/v2/revisits/job-status-put
- Lists get — /api-references/rest-api/v2/core-operations/lists-get
- Location get — /api-references/rest-api/v2/location/location-get
- Location put — /api-references/rest-api/v2/location/location-put
- Locationid get — /api-references/rest-api/v2/locations/locationid-get
- Locations get — /api-references/rest-api/v2/locations/locations-get
- Locations post — /api-references/rest-api/v2/locations/locations-post
- Managers get — /api-references/rest-api/v2/company/managers-get
- Mass route post — /api-references/rest-api/v2/workflow/mass-route-post
- Messageid post — /api-references/rest-api/v2/messages/messageid-post
- Messages get — /api-references/rest-api/v2/messages/messages-get
- Messages post — /api-references/rest-api/v2/messages/messages-post
- Milestones get — /api-references/rest-api/v2/milestones/milestones-get
- Networks get — /api-references/rest-api/v2/company/networks-get
- Pay get — /api-references/rest-api/v2/finances/pay-get
- Pay put — /api-references/rest-api/v2/finances/pay-put
- Penalties get — /api-references/rest-api/v2/finances/penalties-get
- Penalties get — /api-references/rest-api/v2/penalties/penalties-get
- Penaltyid post — /api-references/rest-api/v2/finances/penaltyid-post
- Preferred provider groups get — /api-references/rest-api/v2/preferred-providers/preferred-provider-groups-get
- Preferredprovidergroupid get — /api-references/rest-api/v2/preferred-providers/preferredprovidergroupid-get
- Problemid delete — /api-references/rest-api/v2/problems/problemid-delete
- Problemid put — /api-references/rest-api/v2/problems/problemid-put
- Problems get — /api-references/rest-api/v2/problems/problems-get
- Problems post — /api-references/rest-api/v2/problems/problems-post
- Projectid get — /api-references/rest-api/v2/projects/projectid-get
- Projects get — /api-references/rest-api/v2/projects/projects-get
- Projects post — /api-references/rest-api/v2/projects/projects-post
- Providerid delete — /api-references/rest-api/v2/talent-pool-groups/providerid-delete
- Providerid get — /api-references/rest-api/v2/projects/providerid-get
- Providerid put — /api-references/rest-api/v2/projects/providerid-put
- Providers get — /api-references/rest-api/v2/assignments/providers-get
- Providers get — /api-references/rest-api/v2/talent-pool-groups/providers-get
- Providers post — /api-references/rest-api/v2/projects/providers-post
- Publish delete — /api-references/rest-api/v2/workflow/publish-delete
- Publish post — /api-references/rest-api/v2/workflow/publish-post
- Qualificationid delete — /api-references/rest-api/v2/qualifications/qualificationid-delete
- Qualifications get — /api-references/rest-api/v2/qualifications/qualifications-get
- Qualifications post — /api-references/rest-api/v2/qualifications/qualifications-post
- Qualifications put — /api-references/rest-api/v2/qualifications/qualifications-put
- Revisitid delete — /api-references/rest-api/v2/revisits/revisitid-delete
- Revisitid put — /api-references/rest-api/v2/revisits/revisitid-put
- Route delete — /api-references/rest-api/v2/workflow/route-delete
- Route post — /api-references/rest-api/v2/workflow/route-post
- Schedule get — /api-references/rest-api/v2/schedule/schedule-get
- Schedule put — /api-references/rest-api/v2/schedule/schedule-put
- Select all get — /api-references/rest-api/v2/preferred-providers/select-all-get
- Service types get — /api-references/rest-api/v2/types-of-work/service-types-get
- Shipmentid delete — /api-references/rest-api/v2/shipments/shipmentid-delete
- Shipmentid put — /api-references/rest-api/v2/shipments/shipmentid-put
- Shipments get — /api-references/rest-api/v2/shipments/shipments-get
- Shipments post — /api-references/rest-api/v2/shipments/shipments-post
- Signatureid delete — /api-references/rest-api/v2/signatures/signatureid-delete
- Signatureid get — /api-references/rest-api/v2/signatures/signatureid-get
- Signatures get — /api-references/rest-api/v2/signatures/signatures-get
- Signatures post — /api-references/rest-api/v2/signatures/signatures-post
- Site revisit reasons get — /api-references/rest-api/v2/company/site-revisit-reasons-get
- Site revisits get — /api-references/rest-api/v2/revisits/site-revisits-get
- Site revisits post — /api-references/rest-api/v2/revisits/site-revisits-post
- Status get — /api-references/rest-api/v2/workflow/status-get
- Tagid delete — /api-references/rest-api/v2/tags/tagid-delete
- Tags get — /api-references/rest-api/v2/company/tags-get
- Tags get — /api-references/rest-api/v2/tags/tags-get
- Tags post — /api-references/rest-api/v2/company/tags-post
- Tags post — /api-references/rest-api/v2/tags/tags-post
- Talent pool groups get — /api-references/rest-api/v2/talent-pool-groups/talent-pool-groups-get
- Talent pool groups post — /api-references/rest-api/v2/talent-pool-groups/talent-pool-groups-post
- Taskid delete — /api-references/rest-api/v2/tasks/taskid-delete
- Taskid get — /api-references/rest-api/v2/tasks/taskid-get
- Taskid put — /api-references/rest-api/v2/tasks/taskid-put
- Tasks get — /api-references/rest-api/v2/tasks/tasks-get
- Tasks post — /api-references/rest-api/v2/tasks/tasks-post
- Tasks put — /api-references/rest-api/v2/tasks/tasks-put
- Templateid get — /api-references/rest-api/v2/templates/templateid-get
- Templates get — /api-references/rest-api/v2/templates/templates-get
- Timelogs get — /api-references/rest-api/v2/time-logs/timelogs-get
- Timelogs post — /api-references/rest-api/v2/time-logs/timelogs-post
- Timelogs put — /api-references/rest-api/v2/time-logs/timelogs-put
- Token post — /api-references/rest-api/v2/authentication/token-post
- Types of work get — /api-references/rest-api/v2/types-of-work/types-of-work-get
- Unbundle post — /api-references/rest-api/v2/bundles/unbundle-post
- Userid get — /api-references/rest-api/v2/users/userid-get
- Userid post — /api-references/rest-api/v2/preferred-providers/userid-post
- Users delete — /api-references/rest-api/v2/preferred-providers/users-delete
- Users get — /api-references/rest-api/v2/preferred-providers/users-get
- Validate post — /api-references/rest-api/v2/bundles/validate-post
- Workorderhoursid delete — /api-references/rest-api/v2/time-logs/workorderhoursid-delete
- Workorderhoursid put — /api-references/rest-api/v2/time-logs/workorderhoursid-put
- Workorderid delete — /api-references/rest-api/v2/core-operations/workorderid-delete
- Workorderid get — /api-references/rest-api/v2/core-operations/workorderid-get
- Workorderid put — /api-references/rest-api/v2/core-operations/workorderid-put
- Workorders get — /api-references/rest-api/v2/core-operations/workorders-get
- Workorders post — /api-references/rest-api/v2/core-operations/workorders-post

### Webhooks
- Attributename delete — /api-references/webhooks/v3/attributes/attributename-delete
- Delivery logs get — /api-references/webhooks/v3/delivery-logs/delivery-logs-get
- Deliveryid get — /api-references/webhooks/v3/delivery-logs/deliveryid-get
- Events get — /api-references/webhooks/v3/events/events-get
- History get — /api-references/webhooks/v3/history/history-get
- Index — /api-references/webhooks/v3
- Retry patch — /api-references/webhooks/v3/delivery-logs/retry-patch
- Webhookid delete — /api-references/webhooks/v3/core-operations/webhookid-delete
- Webhookid get — /api-references/webhooks/v3/core-operations/webhookid-get
- Webhookid put — /api-references/webhooks/v3/core-operations/webhookid-put
- Webhooks get — /api-references/webhooks/v3/core-operations/webhooks-get
- Webhooks post — /api-references/webhooks/v3/core-operations/webhooks-post